{
  "name": "Do Ré Mi Fá",
  "mp3": "doremifa.mp3",
  "bpm": 80,
  "delay": 1700,
  "subdivision": 2,
  "notes": [
    [[0]],
    [[1]],
    [[2]],
    [[3]],
    [[4, 2]],
    [[0]],
    [[4]],
    [[4]],
    [[0]],
    [[1]],
    [[2]],
    [[1]],
    [[2, 2]],
    [[0]],
    [[2]],
    [[2]],
    [[0]],
    [[1]],
    [[5]],
    [[4]],
    [[3, 2]],
    [[0]],
    [[3]],
    [[3]],
    [[0]],
    [[1]],
    [[2]],
    [[3]],
    [[4, 2]],
    [[0]],
    [[4]],
    [[4]]
  ]
}