{
  "name": "Exemplo 2",
  "mp3": "doremifa.mp3",
  "bpm": 100,
  "delay": 0,
  "subdivision": 2,
  "notes": [
    [[1], [3]],
    [[1], [3]],
    [[0]],
    [[2], [4]],
    [[2], [4]],
    [[0], [0]],
    [[1], [3]],
    [[1], [3]],
    [[0]],
    [[2], [4]],
    [[2], [4]],
    [[0]],
    [[1], [4]],
    [[1], [4]],
    [[1], [4]],
    [[1], [4]],
    [[0]],
    [[0]],
    [[1, 2], [3, 2]],
    [[0]],
    [[1, 4]],
    [[0]],
    [[0]],
    [[0]],
    [[1]],
    [[2]],
    [[3]],
    [[4]],
    [[5]],
    [[1, 4]]
  ]
}